# Process Names: python3 MCR Main thread,,,,,
# CPU Cores: 12,,,,,
# Total System RAM (MB): 64026,,,,,
# GPU Model: NVIDIA GeForce RTX 2080 SUPER,,,,,
# Total GPU Memory (MiB): 8192,,,,,
Time,Process_Name,PID,CPU_Usage(%),Memory_Usage(%),GPU_Mem_Used_by_PID(MiB)
14:56:11,python3,961,0,0,0
14:56:11,python3,1127,0,0,0
14:56:11,python3,4411,0,0,0
14:56:11,python3,1903016,0,0,0
14:56:11,MCR Main thread,1903016,0,0,0
14:56:12,python3,961,0,0,0
14:56:12,python3,1127,0,0,0
14:56:12,python3,4411,0,0,0
14:56:12,python3,1903016,0.5,0,0
14:56:12,MCR Main thread,1903016,0.5,0,0
14:56:15,python3,961,0,0,0
14:56:15,python3,1127,0,0,0
14:56:15,python3,4411,0,0,0
14:56:15,python3,1903016,0.5,0,0
14:56:15,MCR Main thread,1903016,0.5,0,0
14:56:17,python3,961,0,0,0
14:56:17,python3,1127,0,0,0
14:56:17,python3,4411,0,0,0
14:56:17,python3,1903016,0.5,0,0
14:56:17,MCR Main thread,1903016,0.5,0,0
14:56:18,python3,961,0,0,0
14:56:18,python3,1127,0,0,0
14:56:18,python3,4411,0,0,0
14:56:18,python3,1903016,0.5,0,0
14:56:18,MCR Main thread,1903016,0.5,0,0
14:56:20,python3,961,0,0,0
14:56:20,python3,1127,0,0,0
14:56:20,python3,4411,0,0,0
14:56:20,python3,1903016,0.4,0,0
14:56:20,MCR Main thread,1903016,0.4,0,0
14:56:21,python3,961,0,0,0
14:56:21,python3,1127,0,0,0
14:56:21,python3,4411,0,0,0
14:56:21,python3,1903016,0.4,0,0
14:56:21,MCR Main thread,1903016,0.5,0,0
14:56:23,python3,961,0,0,0
14:56:23,python3,1127,0,0,0
14:56:23,python3,4411,0,0,0
14:56:23,python3,1903016,0.5,0,0
14:56:23,MCR Main thread,1903016,0.5,0,0
14:56:25,python3,961,0,0,0
14:56:25,python3,1127,0,0,0
14:56:25,python3,4411,0,0,0
14:56:25,python3,1903016,0.5,0,0
14:56:25,MCR Main thread,1903016,0.5,0,0
14:56:28,python3,961,0,0,0
14:56:28,python3,1127,0,0,0
14:56:28,python3,4411,0,0,0
14:56:28,python3,1903016,0.4,0,0
14:56:28,MCR Main thread,1903016,0.5,0,0
14:56:30,python3,961,0,0,0
14:56:30,python3,1127,0,0,0
14:56:30,python3,4411,0,0,0
14:56:30,python3,1903016,0.4,0,0
14:56:30,MCR Main thread,1903016,0.5,0,0
14:56:32,python3,961,0,0,0
14:56:32,python3,1127,0,0,0
14:56:32,python3,4411,0,0,0
14:56:32,python3,1903016,0.5,0,0
14:56:32,MCR Main thread,1903016,0.5,0,0
14:56:34,python3,961,0,0,0
14:56:34,python3,1127,0,0,0
14:56:34,python3,4411,0,0,0
14:56:34,python3,1903016,0.4,0,0
14:56:34,MCR Main thread,1903016,0.5,0,0
14:56:36,python3,961,0,0,0
14:56:36,python3,1127,0,0,0
14:56:36,python3,4411,0,0,0
14:56:36,python3,1903016,0.4,0,0
14:56:36,MCR Main thread,1903016,0.4,0,0
14:56:37,python3,961,0,0,0
14:56:37,python3,1127,0,0,0
14:56:37,python3,4411,0,0,0
14:56:37,python3,1903016,0.5,0,0
14:56:37,MCR Main thread,1903016,0.4,0,0
14:56:39,python3,961,0,0,0
14:56:39,python3,1127,0,0,0
14:56:39,python3,4411,0,0,0
14:56:39,python3,1903016,0.5,0,0
14:56:39,MCR Main thread,1903016,0.5,0,0
14:56:40,python3,961,0,0,0
14:56:40,python3,1127,0,0,0
14:56:40,python3,4411,0,0,0
14:56:40,python3,1903016,0.5,0,0
14:56:40,MCR Main thread,1903016,0.5,0,0
14:56:42,python3,961,0,0,0
14:56:42,python3,1127,0,0,0
14:56:42,python3,4411,0,0,0
14:56:42,python3,1903016,0.5,0,0
14:56:42,MCR Main thread,1903016,0.5,0,0
14:56:43,python3,961,0,0,0
14:56:43,python3,1127,0,0,0
14:56:43,python3,4411,0,0,0
14:56:43,python3,1903016,0.5,0,0
14:56:43,MCR Main thread,1903016,0.5,0,0
14:56:45,python3,961,0,0,0
14:56:45,python3,1127,0,0,0
14:56:45,python3,4411,0,0,0
14:56:45,python3,1903016,0.5,0,0
14:56:45,MCR Main thread,1903016,0.5,0,0
14:56:46,python3,961,0,0,0
14:56:46,python3,1127,0,0,0
14:56:46,python3,4411,0,0,0
14:56:46,python3,1903016,0.5,0,0
14:56:46,MCR Main thread,1903016,0.5,0,0
14:56:48,python3,961,0,0,0
14:56:48,python3,1127,0,0,0
14:56:48,python3,4411,0,0,0
14:56:48,python3,1903016,0.5,0,0
14:56:48,MCR Main thread,1903016,0.5,0,0
14:56:49,python3,961,0,0,0
14:56:49,python3,1127,0,0,0
14:56:49,python3,4411,0,0,0
14:56:49,python3,1903016,0.5,0,0
14:56:49,MCR Main thread,1903016,0.5,0,0
14:56:51,python3,961,0,0,0
14:56:51,python3,1127,0,0,0
14:56:51,python3,4411,0,0,0
14:56:51,python3,1903016,0.5,0,0
14:56:51,MCR Main thread,1903016,0.5,0,0
14:56:52,python3,961,0,0,0
14:56:52,python3,1127,0,0,0
14:56:52,python3,4411,0,0,0
14:56:52,python3,1903016,0.5,0,0
14:56:52,MCR Main thread,1903016,0.5,0,0
14:56:53,python3,961,0,0,0
14:56:53,python3,1127,0,0,0
14:56:53,python3,4411,0,0,0
14:56:53,python3,1903016,0.5,0,0
14:56:53,python3,1905591,71.5,0.3,0
14:56:53,MCR Main thread,1903016,0.5,0,0
14:56:55,python3,961,0,0,0
14:56:55,python3,1127,0,0,0
14:56:55,python3,4411,0,0,0
14:56:55,python3,1903016,0.5,0,0
14:56:55,python3,1905591,94.6,1.3,322
14:56:55,MCR Main thread,1903016,0.5,0,0
14:56:56,python3,961,0,0,0
14:56:56,python3,1127,0,0,0
14:56:56,python3,4411,0,0,0
14:56:56,python3,1903016,0.5,0,0
14:56:56,python3,1905591,86.4,2.3,522
14:56:56,MCR Main thread,1903016,0.5,0,0
14:56:58,python3,961,0,0,0
14:56:58,python3,1127,0,0,0
14:56:58,python3,4411,0,0,0
14:56:58,python3,1903016,0.5,0,0
14:56:58,python3,1905591,91,2.6,862
14:56:58,python3,1905999,0,2.2,0
14:56:58,MCR Main thread,1903016,0.5,0,0
14:56:59,python3,961,0,0,0
14:56:59,python3,1127,0,0,0
14:56:59,python3,4411,0,0,0
14:56:59,python3,1903016,0.5,0,0
14:56:59,python3,1905591,86.5,3.6,994
14:56:59,python3,1905999,15,2.2,0
14:56:59,MCR Main thread,1903016,0.5,0,0
14:57:01,python3,961,0,0,0
14:57:01,python3,1127,0,0,0
14:57:01,python3,4411,0,0,0
14:57:01,python3,1903016,0.5,0,0
14:57:01,python3,1905591,93,4.4,1158
14:57:01,python3,1905999,10,2.2,0
14:57:01,python3,1906268,0,0,0
14:57:01,MCR Main thread,1903016,0.5,0,0
14:57:03,python3,961,0,0,0
14:57:03,python3,1127,0,0,0
14:57:03,python3,4411,0,0,0
14:57:03,python3,1903016,0.5,0,0
14:57:03,python3,1905591,89.2,4.6,6058
14:57:03,MCR Main thread,1903016,0.5,0,0
14:57:04,python3,961,0,0,0
14:57:04,python3,1127,0,0,0
14:57:04,python3,4411,0,0,0
14:57:04,python3,1903016,0.5,0,0
14:57:04,python3,1906536,87,0.7,164
14:57:04,MCR Main thread,1903016,0.5,0,0
14:57:06,python3,961,0,0,0
14:57:06,python3,1127,0,0,0
14:57:06,python3,4411,0,0,0
14:57:06,python3,1903016,0.5,0,0
14:57:06,python3,1906536,77,2.6,722
14:57:06,MCR Main thread,1903016,0.5,0,0
14:57:07,python3,961,0,0,0
14:57:07,python3,1127,0,0,0
14:57:07,python3,4411,0,0,0
14:57:07,python3,1903016,0.5,0,0
14:57:07,python3,1906536,90.2,4.5,1302
14:57:07,python3,1906768,24,2.2,0
14:57:07,MCR Main thread,1903016,0.5,0,0
14:57:09,python3,961,0,0,0
14:57:09,python3,1127,0,0,0
14:57:09,python3,4411,0,0,0
14:57:09,python3,1903016,0.5,0,0
14:57:09,MCR Main thread,1903016,0.5,0,0
14:57:10,python3,961,0,0,0
14:57:10,python3,1127,0,0,0
14:57:10,python3,4411,0,0,0
14:57:10,python3,1903016,0.5,0,0
14:57:10,python3,1906964,146,1.6,342
14:57:10,MCR Main thread,1903016,0.5,0,0
14:57:12,python3,961,0,0,0
14:57:12,python3,1127,0,0,0
14:57:12,python3,4411,0,0,0
14:57:12,python3,1903016,0.5,0,0
14:57:12,python3,1906964,93.3,2.6,722
14:57:12,MCR Main thread,1903016,0.5,0,0
14:57:13,python3,961,0,0,0
14:57:13,python3,1127,0,0,0
14:57:13,python3,4411,0,0,0
14:57:13,python3,1903016,0.6,0,0
14:57:13,python3,1906964,108,4.6,6118
14:57:13,python3,1907167,21,2.2,0
14:57:13,MCR Main thread,1903016,0.6,0,0
14:57:15,python3,961,0,0,0
14:57:15,python3,1127,0,0,0
14:57:15,python3,4411,0,0,0
14:57:15,python3,1903016,0.6,0,0
14:57:15,python3,1907391,70,0.3,0
14:57:15,MCR Main thread,1903016,0.6,0,0
14:57:16,python3,961,0,0,0
14:57:16,python3,1127,0,0,0
14:57:16,python3,4411,0,0,0
14:57:16,python3,1903016,0.6,0,0
14:57:16,python3,1907391,111,2.6,612
14:57:16,MCR Main thread,1903016,0.6,0,0
14:57:18,python3,961,0,0,0
14:57:18,python3,1127,0,0,0
14:57:18,python3,4411,0,0,0
14:57:18,python3,1903016,0.5,0,0
14:57:18,python3,1907391,87.2,4.2,1120
14:57:18,python3,1907624,23,2.2,0
14:57:18,MCR Main thread,1903016,0.5,0,0
14:57:19,python3,961,0,0,0
14:57:19,python3,1127,0,0,0
14:57:19,python3,4411,0,0,0
14:57:19,python3,1903016,0.6,0,0
14:57:19,python3,1907391,97.6,0,5796
14:57:19,MCR Main thread,1903016,0.6,0,0
14:57:21,python3,961,0,0,0
14:57:21,python3,1127,0,0,0
14:57:21,python3,4411,0,0,0
14:57:21,python3,1903016,0.6,0,0
14:57:21,python3,1907861,136,1.6,348
14:57:21,MCR Main thread,1903016,0.6,0,0
14:57:22,python3,961,0,0,0
14:57:22,python3,1127,0,0,0
14:57:22,python3,4411,0,0,0
14:57:22,python3,1903016,0.6,0,0
14:57:22,python3,1907861,136,2.7,722
14:57:22,MCR Main thread,1903016,0.6,0,0
14:57:24,python3,961,0,0,0
14:57:24,python3,1127,0,0,0
14:57:24,python3,4411,0,0,0
14:57:24,python3,1903016,0.6,0,0
14:57:24,python3,1907861,100,4.6,5702
14:57:24,python3,1908096,10.5,2.2,0
14:57:24,MCR Main thread,1903016,0.6,0,0
14:57:25,python3,961,0,0,0
14:57:25,python3,1127,0,0,0
14:57:25,python3,4411,0,0,0
14:57:25,python3,1903016,0.6,0,0
14:57:25,python3,1908260,0,0.2,0
14:57:25,MCR Main thread,1903016,0.6,0,0
14:57:26,python3,961,0,0,0
14:57:26,python3,1127,0,0,0
14:57:26,python3,4411,0,0,0
14:57:26,python3,1903016,0.6,0,0
14:57:26,python3,1908260,89.5,1.8,436
14:57:26,MCR Main thread,1903016,0.6,0,0
14:57:28,python3,961,0,0,0
14:57:28,python3,1127,0,0,0
14:57:28,python3,4411,0,0,0
14:57:28,python3,1903016,0.5,0,0
14:57:28,python3,1908260,101,3.1,950
14:57:28,python3,1908500,0,2.2,0
14:57:28,MCR Main thread,1903016,0.6,0,0
14:57:30,python3,961,0,0,0
14:57:30,python3,1127,0,0,0
14:57:30,python3,4411,0,0,0
14:57:30,python3,1903016,0.6,0,0
14:57:30,python3,1908260,91,4.6,6118
14:57:30,MCR Main thread,1903016,0.6,0,0
14:57:31,python3,961,0,0,0
14:57:31,python3,1127,0,0,0
14:57:31,python3,4411,0,0,0
14:57:31,python3,1903016,0.6,0,0
14:57:31,python3,1908752,97,0.9,210
14:57:31,MCR Main thread,1903016,0.6,0,0
14:57:33,python3,961,0,0,0
14:57:33,python3,1127,0,0,0
14:57:33,python3,4411,0,0,0
14:57:33,python3,1903016,0.6,0,0
14:57:33,python3,1908752,82,2.6,722
14:57:33,MCR Main thread,1903016,0.6,0,0
14:57:34,python3,961,0,0,0
14:57:34,python3,1127,0,0,0
14:57:34,python3,4411,0,0,0
14:57:34,python3,1903016,0.6,0,0
14:57:34,python3,1908752,93.5,4.6,5702
14:57:34,python3,1908985,22,2.2,0
14:57:34,MCR Main thread,1903016,0.6,0,0
14:57:36,python3,961,0,0,0
14:57:36,python3,1127,0,0,0
14:57:36,python3,4411,0,0,0
14:57:36,python3,1903016,0.6,0,0
14:57:36,MCR Main thread,1903016,0.6,0,0
14:57:37,python3,961,0,0,0
14:57:37,python3,1127,0,0,0
14:57:37,python3,4411,0,0,0
14:57:37,python3,1903016,0.6,0,0
14:57:37,python3,1909140,163,1.7,378
14:57:37,MCR Main thread,1903016,0.6,0,0
14:57:38,python3,961,0,0,0
14:57:38,python3,1127,0,0,0
14:57:38,python3,4411,0,0,0
14:57:38,python3,1903016,0.6,0,0
14:57:38,python3,1909140,95.6,2.7,882
14:57:38,python3,1909365,31,2.2,0
14:57:38,MCR Main thread,1903016,0.6,0,0
14:57:40,python3,961,0,0,0
14:57:40,python3,1127,0,0,0
14:57:40,python3,4411,0,0,0
14:57:40,python3,1903016,0.6,0,0
14:57:40,python3,1909140,108,4.6,6118
14:57:40,python3,1909365,15.5,2.2,0
14:57:40,MCR Main thread,1903016,0.6,0,0
14:57:42,python3,961,0,0,0
14:57:42,python3,1127,0,0,0
14:57:42,python3,4411,0,0,0
14:57:42,python3,1903016,0.6,0,0
14:57:42,python3,1909629,64,0.3,0
14:57:42,MCR Main thread,1903016,0.6,0,0
14:57:43,python3,961,0,0,0
14:57:43,python3,1127,0,0,0
14:57:43,python3,4411,0,0,0
14:57:43,python3,1903016,0.6,0,0
14:57:43,python3,1909629,103,2.3,528
14:57:43,MCR Main thread,1903016,0.6,0,0
14:57:44,python3,961,0,0,0
14:57:44,python3,1127,0,0,0
14:57:44,python3,4411,0,0,0
14:57:44,python3,1903016,0.6,0,0
14:57:44,python3,1909629,82.2,3.8,1018
14:57:44,python3,1909862,23,2.2,0
14:57:44,MCR Main thread,1903016,0.6,0,0
14:57:46,python3,961,0,0,0
14:57:46,python3,1127,0,0,0
14:57:46,python3,4411,0,0,0
14:57:46,python3,1903016,0.6,0,0
14:57:46,python3,1909629,94.8,4.7,5892
14:57:46,MCR Main thread,1903016,0.6,0,0
14:57:47,python3,961,0,0,0
14:57:47,python3,1127,0,0,0
14:57:47,python3,4411,0,0,0
14:57:47,python3,1903016,0.6,0,0
14:57:47,python3,1910118,58.5,1.1,234
14:57:47,MCR Main thread,1903016,0.6,0,0
14:57:49,python3,961,0,0,0
14:57:49,python3,1127,0,0,0
14:57:49,python3,4411,0,0,0
14:57:49,python3,1903016,0.6,0,0
14:57:49,python3,1910118,86,2.6,722
14:57:49,MCR Main thread,1903016,0.6,0,0
14:57:50,python3,961,0,0,0
14:57:50,python3,1127,0,0,0
14:57:50,python3,4411,0,0,0
14:57:50,python3,1903016,0.6,0,0
14:57:50,python3,1910118,77.6,4.6,5702
14:57:50,python3,1910351,12,2.2,0
14:57:50,MCR Main thread,1903016,0.6,0,0
14:57:52,python3,961,0,0,0
14:57:52,python3,1127,0,0,0
14:57:52,python3,4411,0,0,0
14:57:52,python3,1903016,0.6,0,0
14:57:52,python3,1910506,0,0.1,0
14:57:52,MCR Main thread,1903016,0.6,0,0
14:57:53,python3,961,0,0,0
14:57:53,python3,1127,0,0,0
14:57:53,python3,4411,0,0,0
14:57:53,python3,1903016,0.6,0,0
14:57:53,python3,1910506,84,2.1,482
14:57:53,MCR Main thread,1903016,0.6,0,0
14:57:55,python3,961,0,0,0
14:57:55,python3,1127,0,0,0
14:57:55,python3,4411,0,0,0
14:57:55,python3,1903016,0.6,0,0
14:57:55,python3,1910506,98,2.9,908
14:57:55,python3,1910735,0,2.2,0
14:57:55,MCR Main thread,1903016,0.6,0,0
14:57:56,python3,961,0,0,0
14:57:56,python3,1127,0,0,0
14:57:56,python3,4411,0,0,0
14:57:56,python3,1903016,0.6,0,0
14:57:56,python3,1910506,88.4,4.6,6118
14:57:56,python3,1910735,11.5,2.2,0
14:57:56,MCR Main thread,1903016,0.6,0,0
14:57:58,python3,961,0,0,0
14:57:58,python3,1127,0,0,0
14:57:58,python3,4411,0,0,0
14:57:58,python3,1903016,0.6,0,0
14:57:58,python3,1911004,85,0.6,152
14:57:58,MCR Main thread,1903016,0.6,0,0
14:57:59,python3,961,0,0,0
14:57:59,python3,1127,0,0,0
14:57:59,python3,4411,0,0,0
14:57:59,python3,1903016,0.6,0,0
14:57:59,python3,1911004,113,2.5,588
14:57:59,MCR Main thread,1903016,0.6,0,0
14:58:01,python3,961,0,0,0
14:58:01,python3,1127,0,0,0
14:58:01,python3,4411,0,0,0
14:58:01,python3,1903016,0.6,0,0
14:58:01,python3,1911004,87.7,4.1,1080
14:58:01,python3,1911239,26,2.2,0
14:58:01,MCR Main thread,1903016,0.6,0,0
14:58:02,python3,961,0,0,0
14:58:02,python3,1127,0,0,0
14:58:02,python3,4411,0,0,0
14:58:02,python3,1903016,0.6,0,0
14:58:02,python3,1911004,98.2,4.7,5796
14:58:02,MCR Main thread,1903016,0.6,0,0
14:58:04,python3,961,0,0,0
14:58:04,python3,1127,0,0,0
14:58:04,python3,4411,0,0,0
14:58:04,python3,1903016,0.6,0,0
14:58:04,python3,1911491,122,1.2,294
14:58:04,MCR Main thread,1903016,0.6,0,0
14:58:05,python3,961,0,0,0
14:58:05,python3,1127,0,0,0
14:58:05,python3,4411,0,0,0
14:58:05,python3,1903016,0.6,0,0
14:58:05,python3,1911491,134,2.7,722
14:58:05,MCR Main thread,1903016,0.6,0,0
14:58:07,python3,961,0,0,0
14:58:07,python3,1127,0,0,0
14:58:07,python3,4411,0,0,0
14:58:07,python3,1903016,0.6,0,0
14:58:07,python3,1911491,100,4.6,5702
14:58:07,python3,1911711,26,2.2,0
14:58:07,MCR Main thread,1903016,0.6,0,0
14:58:08,python3,961,0,0,0
14:58:08,python3,1127,0,0,0
14:58:08,python3,4411,0,0,0
14:58:08,python3,1903016,0.6,0,0
14:58:08,python3,1911885,38,0.2,0
14:58:08,MCR Main thread,1903016,0.6,0,0
14:58:10,python3,961,0,0,0
14:58:10,python3,1127,0,0,0
14:58:10,python3,4411,0,0,0
14:58:10,python3,1903016,0.6,0,0
14:58:10,python3,1911885,94,2,468
14:58:10,MCR Main thread,1903016,0.6,0,0
14:58:11,python3,961,0,0,0
14:58:11,python3,1127,0,0,0
14:58:11,python3,4411,0,0,0
14:58:11,python3,1903016,0.6,0,0
14:58:11,python3,1911885,103,3.1,944
14:58:11,python3,1912117,29,2.2,0
14:58:11,MCR Main thread,1903016,0.6,0,0
14:58:13,python3,961,0,0,0
14:58:13,python3,1127,0,0,0
14:58:13,python3,4411,0,0,0
14:58:13,python3,1903016,0.6,0,0
14:58:13,python3,1911885,91.2,4.6,6118
14:58:13,python3,1912117,15,0,0
14:58:13,MCR Main thread,1903016,0.6,0,0
14:58:14,python3,961,0,0,0
14:58:14,python3,1127,0,0,0
14:58:14,python3,4411,0,0,0
14:58:14,python3,1903016,0.6,0,0
14:58:14,python3,1912382,92,0.7,188
14:58:14,MCR Main thread,1903016,0.6,0,0
14:58:16,python3,961,0,0,0
14:58:16,python3,1127,0,0,0
14:58:16,python3,4411,0,0,0
14:58:16,python3,1903016,0.6,0,0
14:58:16,python3,1912382,118,2.6,722
14:58:16,MCR Main thread,1903016,0.6,0,0
14:58:17,python3,961,0,0,0
14:58:17,python3,1127,0,0,0
14:58:17,python3,4411,0,0,0
14:58:17,python3,1903016,0.6,0,0
14:58:17,python3,1912382,91,4.5,1318
14:58:17,python3,1912615,13.5,2.2,0
14:58:17,MCR Main thread,1903016,0.6,0,0
14:58:19,python3,961,0,0,0
14:58:19,python3,1127,0,0,0
14:58:19,python3,4411,0,0,0
14:58:19,python3,1903016,0.6,0,0
14:58:19,python3,1912382,100,0,5796
14:58:19,MCR Main thread,1903016,0.6,0,0
14:58:20,python3,961,0,0,0
14:58:20,python3,1127,0,0,0
14:58:20,python3,4411,0,0,0
14:58:20,python3,1903016,0.6,0,0
14:58:20,python3,1912851,137,1.1,254
14:58:20,MCR Main thread,1903016,0.6,0,0
14:58:22,python3,961,0,0,0
14:58:22,python3,1127,0,0,0
14:58:22,python3,4411,0,0,0
14:58:22,python3,1903016,0.6,0,0
14:58:22,python3,1912851,91.3,2.6,722
14:58:22,MCR Main thread,1903016,0.6,0,0
14:58:23,python3,961,0,0,0
14:58:23,python3,1127,0,0,0
14:58:23,python3,4411,0,0,0
14:58:23,python3,1903016,0.6,0,0
14:58:23,python3,1912851,102,4.6,6118
14:58:23,python3,1913042,22,2.2,0
14:58:23,MCR Main thread,1903016,0.6,0,0
14:58:25,python3,961,0,0,0
14:58:25,python3,1127,0,0,0
14:58:25,python3,4411,0,0,0
14:58:25,python3,1903016,0.6,0,0
14:58:25,python3,1913254,56,0.3,0
14:58:25,MCR Main thread,1903016,0.6,0,0
14:58:26,python3,961,0,0,0
14:58:26,python3,1127,0,0,0
14:58:26,python3,4411,0,0,0
14:58:26,python3,1903016,0.6,0,0
14:58:26,python3,1913254,101,2.2,514
14:58:26,MCR Main thread,1903016,0.6,0,0
14:58:28,python3,961,0,0,0
14:58:28,python3,1127,0,0,0
14:58:28,python3,4411,0,0,0
14:58:28,python3,1903016,0.6,0,0
14:58:28,python3,1913254,83,3.8,1018
14:58:28,python3,1913486,24,2.2,0
14:58:28,MCR Main thread,1903016,0.6,0,0
14:58:29,python3,961,0,0,0
14:58:29,python3,1127,0,0,0
14:58:29,python3,4411,0,0,0
14:58:29,python3,1903016,0.6,0,0
14:58:29,python3,1913254,95.6,4.7,5856
14:58:29,MCR Main thread,1903016,0.6,0,0
14:58:31,python3,961,0,0,0
14:58:31,python3,1127,0,0,0
14:58:31,python3,4411,0,0,0
14:58:31,python3,1903016,0.6,0,0
14:58:31,python3,1913742,122,1.2,258
14:58:31,MCR Main thread,1903016,0.6,0,0
14:58:32,python3,961,0,0,0
14:58:32,python3,1127,0,0,0
14:58:32,python3,4411,0,0,0
14:58:32,python3,1903016,0.6,0,0
14:58:32,python3,1913742,90.3,2.7,722
14:58:32,MCR Main thread,1903016,0.6,0,0
14:58:34,python3,961,0,0,0
14:58:34,python3,1127,0,0,0
14:58:34,python3,4411,0,0,0
14:58:34,python3,1903016,0.6,0,0
14:58:34,python3,1913742,99.5,4.6,5702
14:58:34,python3,1913951,23,2.2,0
14:58:34,MCR Main thread,1903016,0.6,0,0
14:58:35,python3,961,0,0,0
14:58:35,python3,1127,0,0,0
14:58:35,python3,4411,0,0,0
14:58:35,python3,1903016,0.6,0,0
14:58:35,python3,1914123,0,0.2,0
14:58:35,MCR Main thread,1903016,0.6,0,0
14:58:37,python3,961,0,0,0
14:58:37,python3,1127,0,0,0
14:58:37,python3,4411,0,0,0
14:58:37,python3,1903016,0.6,0,0
14:58:37,python3,1914123,92,2.2,488
14:58:37,MCR Main thread,1903016,0.6,0,0
14:58:38,python3,961,0,0,0
14:58:38,python3,1127,0,0,0
14:58:38,python3,4411,0,0,0
14:58:38,python3,1903016,0.6,0,0
14:58:38,python3,1914123,104,3.3,958
14:58:38,python3,1914358,0,2.2,0
14:58:38,MCR Main thread,1903016,0.6,0,0
14:58:40,python3,961,0,0,0
14:58:40,python3,1127,0,0,0
14:58:40,python3,4411,0,0,0
14:58:40,python3,1903016,0.6,0,0
14:58:40,python3,1914123,90.8,4.6,6118
14:58:40,MCR Main thread,1903016,0.6,0,0
14:58:41,python3,961,0,0,0
14:58:41,python3,1127,0,0,0
14:58:41,python3,4411,0,0,0
14:58:41,python3,1903016,0.6,0,0
14:58:41,python3,1914613,98,0.9,220
14:58:41,MCR Main thread,1903016,0.6,0,0
14:58:43,python3,961,0,0,0
14:58:43,python3,1127,0,0,0
14:58:43,python3,4411,0,0,0
14:58:43,python3,1903016,0.6,0,0
14:58:43,python3,1914613,81,2.6,722
14:58:43,MCR Main thread,1903016,0.6,0,0
14:58:44,python3,961,0,0,0
14:58:44,python3,1127,0,0,0
14:58:44,python3,4411,0,0,0
14:58:44,python3,1903016,0.6,0,0
14:58:44,python3,1914613,91.5,4.6,3144
14:58:44,python3,1914848,26,2.2,0
14:58:44,MCR Main thread,1903016,0.6,0,0
14:58:46,python3,961,0,0,0
14:58:46,python3,1127,0,0,0
14:58:46,python3,4411,0,0,0
14:58:46,python3,1903016,0.6,0,0
14:58:46,MCR Main thread,1903016,0.6,0,0
14:58:47,python3,961,0,0,0
14:58:47,python3,1127,0,0,0
14:58:47,python3,4411,0,0,0
14:58:47,python3,1903016,0.6,0,0
14:58:47,python3,1915049,145,1.3,306
14:58:47,MCR Main thread,1903016,0.6,0,0
14:58:48,python3,961,0,0,0
14:58:48,python3,1127,0,0,0
14:58:48,python3,4411,0,0,0
14:58:48,python3,1903016,0.6,0,0
14:58:48,python3,1915049,91.3,2.6,854
14:58:48,MCR Main thread,1903016,0.6,0,0
14:58:50,python3,961,0,0,0
14:58:50,python3,1127,0,0,0
14:58:50,python3,4411,0,0,0
14:58:50,python3,1903016,0.6,0,0
14:58:50,python3,1915049,104,4.6,6118
14:58:50,python3,1915235,26,2.2,0
14:58:50,MCR Main thread,1903016,0.6,0,0
14:58:51,python3,961,0,0,0
14:58:51,python3,1127,0,0,0
14:58:51,python3,4411,0,0,0
14:58:51,python3,1903016,0.6,0,0
14:58:51,python3,1915477,55,0.3,0
14:58:51,MCR Main thread,1903016,0.6,0,0
14:58:53,python3,961,0,0,0
14:58:53,python3,1127,0,0,0
14:58:53,python3,4411,0,0,0
14:58:53,python3,1903016,0.6,0,0
14:58:53,python3,1915477,103,2.2,516
14:58:53,MCR Main thread,1903016,0.6,0,0
14:58:54,python3,961,0,0,0
14:58:54,python3,1127,0,0,0
14:58:54,python3,4411,0,0,0
14:58:54,python3,1903016,0.6,0,0
14:58:54,python3,1915477,82.2,3.8,1020
14:58:54,python3,1915712,28,2.2,0
14:58:54,MCR Main thread,1903016,0.6,0,0
14:58:56,python3,961,0,0,0
14:58:56,python3,1127,0,0,0
14:58:56,python3,4411,0,0,0
14:58:56,python3,1903016,0.6,0,0
14:58:56,python3,1915477,92.2,4.6,6094
14:58:56,MCR Main thread,1903016,0.6,0,0
14:58:57,python3,961,0,0,0
14:58:57,python3,1127,0,0,0
14:58:57,python3,4411,0,0,0
14:58:57,python3,1903016,0.6,0,0
14:58:57,python3,1915965,104,1,254
14:58:57,MCR Main thread,1903016,0.6,0,0
14:58:59,python3,961,0,0,0
14:58:59,python3,1127,0,0,0
14:58:59,python3,4411,0,0,0
14:58:59,python3,1903016,0.6,0,0
14:58:59,python3,1915965,126,2.6,722
14:58:59,MCR Main thread,1903016,0.6,0,0
14:59:00,python3,961,0,0,0
14:59:00,python3,1127,0,0,0
14:59:00,python3,4411,0,0,0
14:59:00,python3,1903016,0.6,0,0
14:59:00,python3,1915965,94.7,4.6,6260
14:59:00,python3,1916203,10,2.2,0
14:59:00,MCR Main thread,1903016,0.6,0,0
14:59:02,python3,961,0,0,0
14:59:02,python3,1127,0,0,0
14:59:02,python3,4411,0,0,0
14:59:02,python3,1903016,0.6,0,0
14:59:02,MCR Main thread,1903016,0.6,0,0
14:59:03,python3,961,0,0,0
14:59:03,python3,1127,0,0,0
14:59:03,python3,4411,0,0,0
14:59:03,python3,1903016,0.6,0,0
14:59:03,python3,1916364,81,1.5,356
14:59:03,MCR Main thread,1903016,0.6,0,0
14:59:05,python3,961,0,0,0
14:59:05,python3,1127,0,0,0
14:59:05,python3,4411,0,0,0
14:59:05,python3,1903016,0.6,0,0
14:59:05,python3,1916364,96,2.7,890
14:59:05,python3,1916580,0,2.2,0
14:59:05,MCR Main thread,1903016,0.6,0,0
14:59:06,python3,961,0,0,0
14:59:06,python3,1127,0,0,0
14:59:06,python3,4411,0,0,0
14:59:06,python3,1903016,0.6,0,0
14:59:06,python3,1916364,88,4.6,6118
14:59:06,python3,1916580,13.5,2.2,0
14:59:06,MCR Main thread,1903016,0.6,0,0
14:59:08,python3,961,0,0,0
14:59:08,python3,1127,0,0,0
14:59:08,python3,4411,0,0,0
14:59:08,python3,1903016,0.6,0,0
14:59:08,python3,1916837,80,0.6,136
14:59:08,MCR Main thread,1903016,0.6,0,0
14:59:09,python3,961,0,0,0
14:59:09,python3,1127,0,0,0
14:59:09,python3,4411,0,0,0
14:59:09,python3,1903016,0.6,0,0
14:59:09,python3,1916837,76.3,2.6,610
14:59:09,MCR Main thread,1903016,0.6,0,0
14:59:11,python3,961,0,0,0
14:59:11,python3,1127,0,0,0
14:59:11,python3,4411,0,0,0
14:59:11,python3,1903016,0.6,0,0
14:59:11,python3,1916837,87.7,4,1080
14:59:11,python3,1917075,26,2.2,0
14:59:11,MCR Main thread,1903016,0.6,0,0
14:59:12,python3,961,0,0,0
14:59:12,python3,1127,0,0,0
14:59:12,python3,4411,0,0,0
14:59:12,python3,1903016,0.6,0,0
14:59:12,python3,1916837,81.5,4.6,5858
14:59:12,MCR Main thread,1903016,0.6,0,0
14:59:14,python3,961,0,0,0
14:59:14,python3,1127,0,0,0
14:59:14,python3,4411,0,0,0
14:59:14,python3,1903016,0.6,0,0
14:59:14,python3,1917330,108,1,254
14:59:14,MCR Main thread,1903016,0.6,0,0
14:59:15,python3,961,0,0,0
14:59:15,python3,1127,0,0,0
14:59:15,python3,4411,0,0,0
14:59:15,python3,1903016,0.6,0,0
14:59:15,python3,1917330,127,2.6,722
14:59:15,MCR Main thread,1903016,0.6,0,0
14:59:17,python3,961,0,0,0
14:59:17,python3,1127,0,0,0
14:59:17,python3,4411,0,0,0
14:59:17,python3,1903016,0.6,0,0
14:59:17,python3,1917330,96,4.6,6260
14:59:17,python3,1917558,24,2.2,0
14:59:17,MCR Main thread,1903016,0.6,0,0
14:59:18,python3,961,0,0,0
14:59:18,python3,1127,0,0,0
14:59:18,python3,4411,0,0,0
14:59:18,python3,1903016,0.6,0,0
14:59:18,MCR Main thread,1903016,0.6,0,0
14:59:20,python3,961,0,0,0
14:59:20,python3,1127,0,0,0
14:59:20,python3,4411,0,0,0
14:59:20,python3,1903016,0.6,0,0
14:59:20,python3,1917722,82.5,1.6,360
14:59:20,MCR Main thread,1903016,0.6,0,0
14:59:21,python3,961,0,0,0
14:59:21,python3,1127,0,0,0
14:59:21,python3,4411,0,0,0
14:59:21,python3,1903016,0.6,0,0
14:59:21,python3,1917722,96.6,2.9,900
14:59:21,python3,1917941,0,2.2,0
14:59:21,MCR Main thread,1903016,0.6,0,0
14:59:23,python3,961,0,0,0
14:59:23,python3,1127,0,0,0
14:59:23,python3,4411,0,0,0
14:59:23,python3,1903016,0.6,0,0
14:59:23,python3,1917722,87,4.6,6118
14:59:23,python3,1917941,13.5,2.2,0
14:59:23,MCR Main thread,1903016,0.6,0,0
14:59:24,python3,961,0,0,0
14:59:24,python3,1127,0,0,0
14:59:24,python3,4411,0,0,0
14:59:24,python3,1903016,0.6,0,0
14:59:24,MCR Main thread,1903016,0.6,0,0
14:59:26,python3,961,0,0,0
14:59:26,python3,1127,0,0,0
14:59:26,python3,4411,0,0,0
14:59:26,python3,1903016,0.6,0,0
14:59:26,MCR Main thread,1903016,0.6,0,0
14:59:27,python3,961,0,0,0
14:59:27,python3,1127,0,0,0
14:59:27,python3,4411,0,0,0
14:59:27,python3,1903016,0.6,0,0
14:59:27,MCR Main thread,1903016,0.6,0,0
14:59:28,python3,961,0,0,0
14:59:28,python3,1127,0,0,0
14:59:28,python3,4411,0,0,0
14:59:28,python3,1903016,0.6,0,0
14:59:28,MCR Main thread,1903016,0.6,0,0
14:59:30,python3,961,0,0,0
14:59:30,python3,1127,0,0,0
14:59:30,python3,4411,0,0,0
14:59:30,python3,1903016,0.6,0,0
14:59:30,MCR Main thread,1903016,0.6,0,0
14:59:32,python3,961,0,0,0
14:59:32,python3,1127,0,0,0
14:59:32,python3,4411,0,0,0
14:59:32,python3,1903016,0.6,0,0
14:59:32,MCR Main thread,1903016,0.6,0,0
14:59:34,python3,961,0,0,0
14:59:34,python3,1127,0,0,0
14:59:34,python3,4411,0,0,0
14:59:34,python3,1903016,0.6,0,0
14:59:34,MCR Main thread,1903016,0.6,0,0
14:59:36,python3,961,0,0,0
14:59:36,python3,1127,0,0,0
14:59:36,python3,4411,0,0,0
14:59:36,python3,1903016,0.6,0,0
14:59:36,MCR Main thread,1903016,0.6,0,0
14:59:38,python3,961,0,0,0
14:59:38,python3,1127,0,0,0
14:59:38,python3,4411,0,0,0
14:59:38,python3,1903016,0.6,0,0
14:59:38,MCR Main thread,1903016,0.6,0,0
14:59:41,python3,961,0,0,0
14:59:41,python3,1127,0,0,0
14:59:41,python3,4411,0,0,0
14:59:41,python3,1903016,0.6,0,0
14:59:41,MCR Main thread,1903016,0.6,0,0
14:59:43,python3,961,0,0,0
14:59:43,python3,1127,0,0,0
14:59:43,python3,4411,0,0,0
14:59:43,python3,1903016,0.6,0,0
14:59:43,MCR Main thread,1903016,0.6,0,0
14:59:45,python3,961,0,0,0
14:59:45,python3,1127,0,0,0
14:59:45,python3,4411,0,0,0
14:59:45,python3,1903016,0.6,0,0
14:59:45,MCR Main thread,1903016,0.6,0,0
14:59:47,python3,961,0,0,0
14:59:47,python3,1127,0,0,0
14:59:47,python3,4411,0,0,0
14:59:47,python3,1903016,0.6,0,0
14:59:47,MCR Main thread,1903016,0.6,0,0
14:59:49,python3,961,0,0,0
14:59:49,python3,1127,0,0,0
14:59:49,python3,4411,0,0,0
14:59:49,python3,1903016,0.6,0,0
14:59:49,MCR Main thread,1903016,0.6,0,0
14:59:51,python3,961,0,0,0
14:59:51,python3,1127,0,0,0
14:59:51,python3,4411,0,0,0
14:59:51,python3,1903016,0.6,0,0
14:59:51,MCR Main thread,1903016,0.6,0,0
14:59:52,python3,961,0,0,0
14:59:52,python3,1127,0,0,0
14:59:52,python3,4411,0,0,0
14:59:52,python3,1903016,0.6,0,0
14:59:52,MCR Main thread,1903016,0.6,0,0
14:59:54,python3,961,0,0,0
14:59:54,python3,1127,0,0,0
14:59:54,python3,4411,0,0,0
14:59:54,python3,1903016,0.6,0,0
14:59:54,MCR Main thread,1903016,0.6,0,0
14:59:56,python3,961,0,0,0
14:59:56,python3,1127,0,0,0
14:59:56,python3,4411,0,0,0
14:59:56,python3,1903016,0.6,0,0
14:59:56,MCR Main thread,1903016,0.6,0,0
14:59:57,python3,961,0,0,0
14:59:57,python3,1127,0,0,0
14:59:57,python3,4411,0,0,0
14:59:57,python3,1903016,0.6,0,0
14:59:57,MCR Main thread,1903016,0.6,0,0
14:59:59,python3,961,0,0,0
14:59:59,python3,1127,0,0,0
14:59:59,python3,4411,0,0,0
14:59:59,python3,1903016,0.6,0,0
14:59:59,MCR Main thread,1903016,0.6,0,0
15:00:01,python3,961,0,0,0
15:00:01,python3,1127,0,0,0
15:00:01,python3,4411,0,0,0
15:00:01,python3,1903016,0.6,0,0
15:00:01,MCR Main thread,1903016,0.6,0,0
15:00:02,python3,961,0,0,0
15:00:02,python3,1127,0,0,0
15:00:02,python3,4411,0,0,0
15:00:02,python3,1903016,0.6,0,0
15:00:02,MCR Main thread,1903016,0.6,0,0
15:00:04,python3,961,0,0,0
15:00:04,python3,1127,0,0,0
15:00:04,python3,4411,0,0,0
15:00:04,python3,1903016,0.6,0,0
15:00:04,MCR Main thread,1903016,0.6,0,0
15:00:05,python3,961,0,0,0
15:00:05,python3,1127,0,0,0
15:00:05,python3,4411,0,0,0
15:00:05,python3,1903016,0.6,0,0
15:00:05,MCR Main thread,1903016,0.6,0,0
15:00:06,python3,961,0,0,0
15:00:06,python3,1127,0,0,0
15:00:06,python3,4411,0,0,0
15:00:06,python3,1903016,0.6,0,0
15:00:06,MCR Main thread,1903016,0.6,0,0
15:00:08,python3,961,0,0,0
15:00:08,python3,1127,0,0,0
15:00:08,python3,4411,0,0,0
15:00:08,python3,1903016,0.6,0,0
15:00:08,MCR Main thread,1903016,0.6,0,0
15:00:09,python3,961,0,0,0
15:00:09,python3,1127,0,0,0
15:00:09,python3,4411,0,0,0
15:00:09,python3,1903016,0.6,0,0
15:00:09,MCR Main thread,1903016,0.6,0,0
15:00:11,python3,961,0,0,0
15:00:11,python3,1127,0,0,0
15:00:11,python3,4411,0,0,0
15:00:11,python3,1903016,0.6,0,0
15:00:11,MCR Main thread,1903016,0.6,0,0
15:00:12,python3,961,0,0,0
15:00:12,python3,1127,0,0,0
15:00:12,python3,4411,0,0,0
15:00:12,python3,1903016,0.6,0,0
15:00:12,MCR Main thread,1903016,0.6,0,0
15:00:14,python3,961,0,0,0
15:00:14,python3,1127,0,0,0
15:00:14,python3,4411,0,0,0
15:00:14,python3,1903016,0.6,0,0
15:00:14,MCR Main thread,1903016,0.6,0,0
15:00:15,python3,961,0,0,0
15:00:15,python3,1127,0,0,0
15:00:15,python3,4411,0,0,0
15:00:15,python3,1903016,0.6,0,0
15:00:15,MCR Main thread,1903016,0.6,0,0
15:00:17,python3,961,0,0,0
15:00:17,python3,1127,0,0,0
15:00:17,python3,4411,0,0,0
15:00:17,python3,1903016,0.6,0,0
15:00:17,MCR Main thread,1903016,0.6,0,0
15:00:18,python3,961,0,0,0
15:00:18,python3,1127,0,0,0
15:00:18,python3,4411,0,0,0
15:00:18,python3,1903016,0.6,0,0
15:00:18,MCR Main thread,1903016,0.6,0,0
15:00:20,python3,961,0,0,0
15:00:20,python3,1127,0,0,0
15:00:20,python3,4411,0,0,0
15:00:20,python3,1903016,0.6,0,0
15:00:20,MCR Main thread,1903016,0.6,0,0
15:00:21,python3,961,0,0,0
15:00:21,python3,1127,0,0,0
15:00:21,python3,4411,0,0,0
15:00:21,python3,1903016,0.6,0,0
15:00:21,MCR Main thread,1903016,0.6,0,0
15:00:23,python3,961,0,0,0
15:00:23,python3,1127,0,0,0
15:00:23,python3,4411,0,0,0
15:00:23,python3,1903016,0.6,0,0
15:00:23,MCR Main thread,1903016,0.6,0,0
,,,,,
,,,,,
Max,,,163,4.7,6260
,,,,2.93 Gb,
,,,,,
,,,,,
Parallel Processes,,,,,
,,,,,
14:57:40,python3,961,0,0,0
14:57:40,python3,1127,0,0,0
14:57:40,python3,4411,0,0,0
14:57:40,python3,1903016,0.6,0,0
14:57:40,python3,1909140,108,4.6,6118
14:57:40,python3,1909365,15.5,2.2,0
14:57:40,MCR Main thread,1903016,0.6,0,0
,,,,,
,,,,,
Ideal Allocation,,,Ideal 4 Cores,6 Gb,~8 Gb
